iter	MultiClass
0	2.810573953
1	2.666313729
2	2.540917459
3	2.439970634
4	2.333932363
5	2.250368198
6	2.186803361
7	2.121885564
8	2.061495893
9	2.01109893
10	1.961807534
11	1.906441569
12	1.868364279
13	1.829688935
14	1.797187451
15	1.769165455
16	1.742862773
17	1.705507943
