iter	MultiClass
0	2.735866803
1	2.594547062
2	2.481512025
3	2.39599465
4	2.310268704
5	2.225143007
6	2.160039177
7	2.097417504
8	2.040268448
9	2.005648343
10	1.965745171
11	1.913238671
12	1.875984365
13	1.840235479
14	1.813332265
15	1.77745029
16	1.74409365
17	1.716392397
