iter	MultiClass
0	2.968822713
1	2.83174428
2	2.707942889
3	2.606958867
4	2.490974847
5	2.404315605
6	2.337035214
7	2.274372488
8	2.217572622
9	2.170362927
10	2.124462492
11	2.067652966
12	2.027201881
13	1.986606366
14	1.937834514
15	1.901289599
16	1.86301392
17	1.829522131
